"","site","season","correlation"
"1","LUG","DJF",-0.45944607043845
"2","LUG","MAM",-0.263406545979407
"3","LUG","JJA",-0.390589890694981
"4","LUG","SON",-0.398804999602956
"5","RIG","DJF",-0.439196873911945
"6","RIG","MAM",-0.292714134992312
"7","RIG","JJA",-0.176401573070179
"8","RIG","SON",-0.41751458913031
