"","site","season","correlation"
"1","LUG","DJF",0.76122933324683
"2","LUG","MAM",0.65227348014057
"3","LUG","JJA",0.450981744637244
"4","LUG","SON",0.793881014514573
"5","RIG","DJF",0.539283996228623
"6","RIG","MAM",0.565462271717339
"7","RIG","JJA",0.393679474500439
"8","RIG","SON",0.498558251766508
