,k_sat,c,t_sub,z,NS
0,9.580109260824428e-07,7.274280748138227,68.38553952326873,549.5347911482665,0.8773833106661085
